Owner,Nominal crude steel capacity (ttpa),litpop_value,plant_count,country_count,Latitude,Longitude
ArcelorMittal Nippon Steel India Ltd,86500.0,1028284804.7500484,5,1,19.9366314,81.6597356
JSW Steel Ltd,59859.0,390503654.86848414,5,1,17.52686306,78.32715882
Steel Authority of India Ltd,57190.0,3249196970.62921,8,1,22.683159047542837,85.7173442946815
Nippon Steel Corp,46923.0,13035898661.493433,10,1,35.2976642,135.4098151
Tata Steel Ltd,34080.0,1952889413.1808407,5,1,23.662969,83.9093472
JFE Steel Corp,30768.0,78559959627.55774,5,1,35.6587466,137.6000342
Angang Steel Co Ltd,30250.0,17992253793.146187,3,1,40.99523533333333,121.82794233333334
Jindal Steel Limited Ltd,26700.0,374314226.8259558,5,1,20.9652604,84.242291
Rizhao Steel Holding Group Co Ltd,21650.0,784949051.4879102,1,1,35.16535,119.366672
Baoshan Iron & Steel Co Ltd,19800.0,72345769161.90762,1,1,31.41623,121.440087
Jindal Steel Odisha Ltd,19200.0,322827125.6345241,1,1,20.874713,84.944082
Maanshan Iron & Steel Co Ltd,18940.0,14161932205.740225,1,1,31.698884,118.468194
Jiangsu Shagang Iron & Steel Co Ltd,18305.0,5778523153.580064,1,1,31.983146,120.638992
JSW Steel Ltd; POSCO Holdings Inc,18000.0,165319279.8517694,1,1,20.248632,86.156416
Rungta Mines Ltd,17469.0,307628533.1210734,5,1,21.9107876,85.4521354
Inner Mongolia BaoTou Steel Union Co Ltd,16760.0,563557793.4713724,1,1,40.647997,109.740898
Hunan Valin Lianyuan Iron and Steel Co Ltd,16250.0,4608518568.66061,2,1,27.780956,112.43236
Wuhan Iron and Steel Co Ltd,15907.0,13274108766.720098,1,1,30.616222,114.444975
Bengang Steel Plates Co Ltd,14940.0,10302505895.931911,1,1,41.274132,123.722099
Baosteel Zhanjiang Iron & Steel Co Ltd,14328.0,1178377706.3453572,1,1,21.056035,110.48657
Shougang Jingtang United Iron & Steel Co Ltd,13700.0,102371633.8710309,1,1,38.953664,118.50339
JSW Utkal Steel Ltd,13500.0,105160684.6244372,1,1,20.216667,86.55
Shanxi Taigang Stainless Steel Co Ltd,12460.0,24668432523.352684,1,1,37.931488,112.539321
HBIS Laoting Steel Co Ltd,11500.0,658638310.9064554,1,1,39.257823,119.033567
Xinyu Iron & Steel Corp Ltd,11001.0,7022275672.93845,1,1,27.786859,114.921595
Guangxi Shenglong Metallurgical Co Ltd,10983.0,954514098.9683073,1,1,21.687637,108.412344
Baldota Steel and Power Ltd,10500.0,185356174.34875867,1,1,15.332616,76.206778
Lianfeng Steel (Zhangjiagang) Co Ltd,10040.0,3289812339.6058364,1,1,31.855205,120.730505
JSW Jharkhand Steel Ltd,10001.0,22085261.29316944,1,1,23.188108,85.715097
Hebei Donghai SPECIAL Steel Group Co Ltd,10001.0,1222250055.6719754,1,1,39.610605,118.474722
Nanjing Iron & Steel Co Ltd,10000.0,11508667093.45597,1,1,32.200797,118.746315
JSW Green Steel Ltd,10000.0,5087801.004416001,1,1,18.530853,72.947091
Hebei Yanshan Iron and Steel Group Co Ltd,9990.0,4245679723.9297485,1,1,39.925508,118.672757
Shandong IRON&STEEL Group Rizhao Co Ltd,9800.0,784949051.4879102,1,1,35.188969,119.383723
Beijing Shougang Co Ltd,9600.0,1205952791.2560177,1,1,39.976702,118.558788
Neelachal Ispat Nigam Ltd,9500.0,864289310.3874147,1,1,20.998641,86.019102
Shaanxi LONG MEN IRON&STEEL Co Ltd,9500.0,1050556946.8883605,1,1,35.618466,110.575788
Liuzhou IRON&STEEL Co Ltd,9458.0,21236255107.045433,1,1,24.385304,109.37963
SGIS Songshan Co Ltd,8698.0,2904267538.2436757,1,1,24.708232,113.635898
Quzhou Yuanli METAL Products Co Ltd,8450.0,1274727897.9611301,1,1,28.893407,118.867125
Guangxi Iron and Steel Group Co Ltd,8400.0,226557645.65927386,1,1,21.580723,108.400896
Chongqing Iron & Steel Co Ltd,8400.0,3087923383.6047015,1,1,29.790253,107.040368
Shandong Iron & Steel Group Yongfeng Lingang Corp,8150.0,238915176.01580334,1,1,35.137061,119.068319
Chengyu Vanadium & Titanium Technology Co Ltd,8050.0,69319122.10205877,1,1,29.732143,104.504339
Jiangyin Xingcheng SPECIAL Steel Works Co Ltd,8022.0,4429745806.121701,1,1,31.950191,120.328449
Chengde Street Ltd,8000.0,896245650.7992102,1,1,40.947707,117.719747
Jindal Stainless Ltd,7999.0,3568032814.4749894,3,1,23.132222333333335,78.267228
Hebei Zongheng Group Fengnan Iron & Steel Co Ltd,7700.0,452880777.8970651,1,1,39.222566,118.094201
Gansu Jiu Steel Group Hongxing Iron and Steel Co Ltd,7650.0,7871975322.062651,1,1,39.812121,98.295555
Shanghai Meishan Iron & Steel Co Ltd,7600.0,3051454698.510215,1,1,31.902969,118.61667
Cangzhou China Railway Equipment Manufacturing Materials Co Ltd,7500.0,477468708.0493724,1,1,38.289221,117.814367
Jindal Steel Chhattisgarh Ltd,7500.0,454682852.3366098,1,1,21.895041,83.376759
Action Ispat and Power Pvt Ltd,7500.0,645075019.3542067,1,1,21.839759,83.982227
Rashtriya Ispat Nigam Ltd,7300.0,4255549611.1018696,1,1,17.612846,83.191918
Baosteel Group Xinjiang Bayi Iron & Steel Co Ltd,7300.0,931469524.817334,1,1,43.852147,87.304639
Hebei Anfeng Iron & Steel Co Ltd,7100.0,301142693.52749974,1,1,39.65849,118.894804
Qian'an City Jiujiang Wire Co Ltd,7079.0,1205952791.2560177,1,1,39.952209,118.559444
Yunnan Yuxi Iron and Steel Group Yukun Iron and Steel Co Ltd,7042.0,932314590.9645125,1,1,24.465884,102.543682
ESL Steel Ltd,7000.0,1365011682.389793,1,1,23.632907,86.293671
Tangshan Ganglu Iron & Steel Co Ltd,6964.0,392661136.5966965,1,1,40.183913,118.073913
Sansteel Minguang Co Ltd Fujian,6799.0,3154692864.404899,1,1,26.261109,117.614709
Tianjin Iron and Steel Group Co Ltd,6650.0,7120436820.791538,1,1,39.031083,117.499246
Henan Jiyuan Iron & Steel (Group) Co Ltd,6638.0,3421395276.0751696,1,1,35.086396,112.553774
Zenith Steel Group (Nantong) Co Ltd,6600.0,1230988127.1191046,1,1,32.133954,121.513173
Kobe Steel Ltd,6591.0,34081805321.518963,2,1,34.711946,135.036741
Shanxi Jinnan Iron and Steel Group Co Ltd,6400.0,162446633.34105244,1,1,35.678541,111.51465
Tangshan Donghua Iron & Steel Enterprise Group Co Ltd,6400.0,438464931.03294915,1,1,39.468366,118.256774
Jingye Iron and Steel Co Ltd,6400.0,310050323.594974,1,1,38.391372,114.139998
Fujian Sanbao Steel Co Ltd,6196.0,1437201755.3926136,1,1,24.635769,117.603677
Guangxi Guixin Steel Group Co Ltd,6050.0,90031801.82740928,1,1,23.978962,111.735523
Uttam Galva Ferous Ltd,6000.0,354990517.4078579,1,1,15.184613,76.824905
Lingyuan Iron & Steel Co Ltd,5994.0,1351875952.0510519,1,1,41.271048,119.41374
Panzhihua Steel Group Panzhihua Steel Vanadium Co Ltd,5900.0,9319315191.657978,1,1,26.565265,101.673737
Tangshan Fengnan District Jing'an Iron and Steel Co Ltd,5825.0,1597397963.2435653,1,1,39.600956,118.358726
Rockcheck Steel Group Co Ltd,5750.0,8170303829.634859,1,1,38.970638,117.495794
JiLin Province Xinda Steel Co Ltd,5600.0,15053158.02973983,1,1,42.3249,125.246892
Laiwu Steel Yinshan Section Co Ltd,5600.0,1723461254.4344203,1,1,36.106143,117.820108
Hebei Puyang Iron and Steel Co Ltd,5567.0,313791587.31473416,1,1,36.733675,113.925995
Jingye (Yingkou) Medium Plate Co Ltd,5500.0,1444886964.8755352,1,1,40.671136,122.395441
Tangshan Donghai Iron and Steel Group Co Ltd,5499.0,770999040.1643324,1,1,39.748373,118.624794
WISCO Group Kunming Steel Co Ltd,5476.0,401331048.2710037,2,1,24.950474,102.372738
Jiangsu Province Binxin Steel Group Co Ltd,5400.0,3627723888.232499,1,1,35.09556,119.279989
Zhongxin Iron and Steel Group Co Ltd,5400.0,2852869883.3872247,1,1,34.368618,118.31556
Qingdao Special Iron and Steel Co Ltd,5320.0,431849713.01466113,1,1,35.6296,119.722335
Xingtai Iron and Steel Co Ltd,5310.0,11288701979.281197,2,1,37.036845,114.909232
Lloyds Metals and Energy Ltd,5250.0,124927907.9499686,2,1,19.850123,79.4664715
Jinan Iron & Steel Group Co Ltd,5200.0,2791499561.2492723,1,1,36.718952,114.111677
Orissa Metaliks Pvt Ltd,5153.0,2205613025.7592883,3,1,22.199786666666665,86.18568800000001
Welspun Corp Ltd,5138.0,786684238.6823866,1,1,23.112781,70.0866885
Fujian Great Dong Hai Industrial Group Co Ltd,5128.0,548350467.9412751,1,1,25.737777,119.592239
Wuyang Iron and Steel Co Ltd,5040.0,642394331.888709,1,1,33.287536,113.474328
Hebei Jinxi Iron & Steel Group Co Ltd,5000.0,251849587.08247745,1,1,40.209844,118.220547
Hebei Xinda Iron and Steel Co Ltd,5000.0,796505445.106471,1,1,39.898362,118.579364
JSW Vijayanagar Metallics Ltd,5000.0,334841572.46645224,1,1,15.203176,76.659122
Tangshan Songting IRON&STEEL Co Ltd,5000.0,1205952791.2560177,1,1,39.938866,118.576678
Baowu Group Echeng Iron & Steel Co Ltd,4971.0,14250230836.869875,1,1,30.39574,114.861313
Houying Group Haicheng Iron and Steel Co Ltd,4900.0,563518410.1278985,1,1,40.981855,122.948643
Tianjin Iron PLANT Co Ltd,4870.0,1279452525.6709294,1,1,36.58967,113.745792
Guangxi Chiji Iron and Steel Co Ltd,4800.0,105313275.99139243,1,1,23.402121,111.134606
Shanxi Meijin Iron and Steel Co Ltd,4790.0,2089291270.347642,2,1,38.155327,112.4594385
Tokyo Steel Manufacturing Co Ltd,4786.0,18429753186.74529,4,1,34.909732500000004,135.435924
Shanxi Jianlong Industrial Co Ltd,4750.0,384406160.84900844,1,1,35.417405,111.303919
JiuJiang PXSteel Co Ltd,4700.0,478146017.5263399,1,1,29.778431,116.27527
Shiheng SPECIAL Steel Group Co Ltd,4650.0,1341653440.6361408,1,1,36.229201,116.533981
Osaka Steel Co Ltd,4650.0,254812052510.10464,1,1,34.59822,135.45439
Jincheng FUSHENG Iron & Steel Co Ltd,4600.0,981005265.3164757,1,1,35.662985,112.882395
Tonghua Iron & Steel Co Ltd,4590.0,601217158.3271072,1,1,41.779125,126.022349
Tianjin Tiangang UNITED SPECIAL Steel Co Ltd,4500.0,10311114379.091043,1,1,39.300258,117.800231
Tangshan RUIFENG Steel and Iron (GROUP) Co Ltd,4500.0,438464931.03294915,1,1,39.497472,118.272056
Hanshan Iron and Steel Co Ltd,4488.0,296202759.7826058,1,1,36.685881,113.837073
Evonith Metallics Ltd,4480.0,428413959.05805874,2,1,20.700508499999998,78.62942050000001
Hubei Jinshenglan Metallurgical Technology Co Ltd,4450.0,96700424.06712171,1,1,29.916729,113.822921
Chengde Jianlong SPECIAL Steel Co Ltd,4400.0,277866579.7444777,1,1,40.515035,117.596071
Tangshan Heavy Plate Co Ltd,4200.0,658638310.9064554,1,1,39.268452,119.024819
Jianlong Xilin Iron and Steel Co Ltd,4200.0,10642384.938641924,1,1,47.495036,129.287919
Jiugang Group Yuzhong Iron & Steel Co Ltd,4000.0,167993672.70306432,1,1,36.033646,104.035535
Ningbo Iron & Steel Co Ltd,3999.0,7787131930.195617,1,1,29.918776,121.876423
Yancheng Lianxin Steel Co Ltd,3950.0,47191425.791021824,1,1,33.211332,120.774892
Hebei Taihang Iron and Steel Group Co Ltd,3950.0,383769388.9911753,1,1,36.613716,114.082349
Benxi Beiying Iron & Steel (GROUP) Co Ltd,3950.0,423489077.5911907,1,1,41.224814,123.608374
Pangang Group Xichang Steel and Vanadium Co Ltd,3900.0,146825967.31663737,1,1,27.74799,102.20517
Shandong Iron and Steel Co Ltd,3850.0,1184398291.2950804,2,1,36.0881105,117.839203
Shyam Metalics and Energy Ltd,3823.0,508460503.06881213,2,1,22.6870465,85.5822505
Anhui Changjiang Steel Co Ltd,3800.0,2369022303.7466125,1,1,31.502272,118.465162
Zenith Steel Group Co Ltd,3700.0,18149919723.49238,1,1,31.707656,120.079591
Henan YAXIN Steel Industry Co Ltd,3600.0,1630271672.3960836,1,1,35.879956,114.334825
Shanxi Zhongyang Iron & Steel Co Ltd,3600.0,320338051.3482251,1,1,37.370796,111.161118
Xinji AOSEN Steel Group Co Ltd,3600.0,215529762.4241828,1,1,37.752351,115.184798
"Xinyang Iron & Steel Co.,ltd of Angang Group",3600.0,382250327.83036226,1,1,32.488704,114.038243
Guangdong Jinshenglan Metallurgical Technology Co Ltd,3600.0,288572450.6037076,1,1,22.888729,112.263081
Shougang Changzhi IRON& Steel Co Ltd,3600.0,2449438562.2978115,1,1,36.356404,113.060809
Shougang Shuicheng Iron & Steel (Group) Co Ltd,3501.0,2917021785.146939,1,1,26.595229,104.877413
Ningxia Jianlong Special Steel Co Ltd,3500.0,698923464.9402945,1,1,39.215452,106.688294
Wuzhou Yongda Steel Works Co Ltd,3496.0,607979569.3111423,1,1,23.524465,111.2402
Qinhuangdao Hongxing Iron & Steel Co Ltd,3450.0,853581286.6142415,1,1,39.700721,118.871477
Daye SPECIAL Steel Co Ltd,3420.0,5065987125.999837,1,1,30.204603,115.125838
Guangxi BG New Materials Co Ltd,3400.0,490660026.3866026,1,1,21.519924,109.506427
Henan Xinjinhui Stainless Steel Industry Co Ltd,3400.0,797364861.8664675,1,1,34.263509,113.853979
Jiangsu Shagang Group Huaigang SPECIAL Steel Co Ltd,3364.0,4165354036.0691886,1,1,33.566039,118.988442
Rashmi Metaliks Ltd,3330.0,2729308041.8371925,2,1,23.033503500000002,87.186836
Changzhou Dongfang Special Steel Co Ltd,3300.0,1518567272.309646,1,1,31.602554,119.724256
Yangzhou Hengrun Ocean Heavy Industry Co Ltd,3300.0,1835372768.9161925,1,1,32.249602,119.620438
Baosteel Desheng Stainless Steel Co Ltd,3220.0,53661889.35483706,1,1,26.48747,119.654461
Zhenshi Group EASTERN SPECIAL Steel Co Ltd,3212.0,2908351559.15047,1,1,30.720411,120.898518
Changshu Longteng Special Steel Co Ltd,3203.0,9736930825.62187,1,1,31.723833,120.835685
Guangxi Deyuan Metallurgy Co Ltd,3200.0,271821385.1967023,2,1,22.785653,109.11917
Zhuhai Yueyufeng IRON&STEEL Co Ltd,3051.0,2524762539.6796427,1,1,21.96092,113.198718
Henan Angang Zhoukou Iron and Steel Co Ltd,3050.0,1216482444.7504897,1,1,33.364534,115.099661
Jiangsu Xusteel Group Co Ltd,3050.0,536146471.99254227,1,1,34.577016,117.339638
Shaanxi Lueyang Iron and Steel Co Ltd,3050.0,32314098.785076372,1,1,33.323678,106.167206
Hebei Tianzhu Iron and Steel Group Special Steel Co Ltd,3034.0,658638310.9064554,1,1,39.270032,119.01376
"Sichuan De Sheng Group, Vanadium and Titanium Co Ltd",3000.0,181895609.9521647,1,1,29.39798,103.542532
Nanyang Hanye SPECIAL STREET Co Ltd,3000.0,313551485.3556643,1,1,33.269324,111.534635
Shanxi Xintai Iron & Steel Co Ltd,3000.0,4334687658.950084,1,1,37.075017,111.985148
Weifang SPECIAL Steel Group Co Ltd,3000.0,3368126297.6347632,1,1,36.644469,119.238427
JSW Rayalaseema Steel Limited,3000.0,45263087.15252942,1,1,14.76855,78.403263
Jiangsu Jingye Iron and Steel Co Ltd,3000.0,1557019273.7154286,1,1,34.38381,119.786878
Fujian Tsingtuo Nickel Industry Co Ltd,3000.0,11794218.386546498,1,1,26.768925,119.765203
NMDC Steel Ltd,3000.0,166213907.73032075,2,1,17.13973905,79.5432955
DELONG Steel Ltd,3000.0,676290293.567939,1,1,37.086116,114.384832
Jinding Heavy Industries Co Ltd,3000.0,2791499561.2492723,1,1,36.718952,114.111677
Lianyungang Yaxin Iron and Steel Co Ltd,3000.0,890142435.6329616,1,1,34.423786,119.778311
Lengshuijiang Iron and Steel Co Ltd,3000.0,982323572.5654914,1,1,27.690401,111.437288
Lvliang Jianlong Industrial Co Ltd,3000.0,1570081181.240564,1,1,37.47311,112.06093
Tianjin Pipe Corp,3000.0,7120436820.791538,1,1,39.034002,117.486798
Anhui Shoukuang Dachang Metal Material Co Ltd,3000.0,26192474.427464876,1,1,32.329171,115.954963
Shangang Group Hanzhong Iron & Steel Co Ltd,3000.0,686629951.6960833,1,1,33.133192,106.671859
Tangshan Guotang Steel Co Ltd,3000.0,658638310.9064554,1,1,39.293147,119.046972
Shanxi Changxin Industry Co Ltd,2995.0,2719454994.077153,1,1,36.326589,113.117181
Yunnan Yuxi Xianfu Iron and Steel (Group) Co Ltd,2980.0,20949106.01836089,1,1,24.012309,102.186364
Godawari Power and Ispat Ltd,2859.0,919900210.3246052,2,1,21.470623,81.7106675
Shandong Shouguang Juneng SPECIAL Steel Co Ltd,2850.0,1440684200.7685635,1,1,36.939125,118.785598
Shandong Jinguan Metallurgical Technology Co Ltd,2810.0,9904946687.227655,1,1,37.449126,116.396787
Yingkou Iron & Steel Co Ltd,2800.0,758099574.9849542,1,1,40.664651,122.415057
Fangda Special Steel Technology Co Ltd,2800.0,30850521591.191532,1,1,28.645441,115.99204
ShanXi TongCai Industry and Trade Co Ltd,2780.0,747390169.8949468,1,1,35.694321,111.429381
Liyang Baorun Steel Co Ltd,2760.0,5294448729.56292,1,1,31.471123,119.485941
Hebei New Wuan Steel Group Wenan IRON&STEEL Co Ltd,2750.0,3553105312.443734,2,1,36.655461,114.06882949999999
Xinxing Ductile Iron Pipes Xinjiang Co Ltd,2750.0,31013010.919899933,1,1,42.333321,86.302481
Anhui Guihang Special Steel Co Ltd,2700.0,189683194.67400867,1,1,30.531068,117.251147
Wuan Yuhua Steel Co Ltd,2700.0,2791499561.2492723,1,1,36.731752,114.098377
Minyuan Iron and Steel Group Co Ltd,2700.0,258770067.85181326,1,1,34.013369,116.422599
Tongling City Xuanli Special Steel Co Ltd,2700.0,322755495.5135918,1,1,31.062807,117.956015
Shanxi Gaoyi Steel Co Ltd,2700.0,2190467911.060826,1,1,35.586841,111.258436
Fushun New Steel Corp Ltd,2700.0,8540543698.927486,1,1,41.841223,123.753895
Hebei Xinjin Iron and Steel Co Ltd,2700.0,6917400988.421546,1,1,36.715632,114.208992
Jilin Jianlong Steel Co Ltd,2700.0,133726064.71790448,1,1,44.011951,126.537086
Linyi Iron and Steel Investment Group Co Ltd,2700.0,212520272.51501238,1,1,35.15735,119.133999
Fulun Iron & Steel Co Ltd,2700.0,792299266.5563575,1,1,36.308447,117.540425
Chifeng Zhongtang Special Steel Co Ltd,2700.0,14520160.651008502,1,1,41.834064,119.281883
Dongbei Special Steel Group Dalian Special Steel Co Ltd,2695.0,278283618.2820494,1,1,39.193697,122.057788
Henan Fengbao SPECIAL Steel Co Ltd,2650.0,1250100343.4634068,1,1,36.131666,113.872158
Fujian Luoyuan Minguang Iron & Steel Co Ltd,2650.0,53661889.35483706,1,1,26.483815,119.67105
Anyuan Iron & Steel Co Ltd,2650.0,7940031421.185044,1,1,27.64555,113.902126
Kyoei Steel Ltd,2645.0,33170209963.181366,3,1,34.61929633333333,134.55528633333333
Shagang Group Anyang Yongxing Iron & Steel Co Ltd,2600.0,3691623504.775808,1,1,36.143573,114.149964
Yunnan Qujing Iron and Steel Group Chenggang Iron and Steel Co Ltd,2600.0,240153183.6302977,1,1,25.45543,103.547242
Rashmi Green Hydrogen Steel Pvt Ltd,2600.0,1986124537.7752411,1,1,22.331489,87.398085
Daye Huaxin Industrial Co Ltd,2583.0,1002488417.5250294,1,1,30.070219,114.926251
Jianlong Beiman SPECIAL Steel Co Ltd,2570.0,3437488269.916678,1,1,47.191285,123.616512
Fujian Yixin Steel & Iron Co Ltd,2510.0,136966250.464103,1,1,26.491308,119.63624
Shanxi Tongde Xinghua Special Steel Co Ltd,2500.0,353310074.948443,1,1,40.183517,113.305462
Qinyang Hongda Iron & Steel Co Ltd,2500.0,514258504.00895184,1,1,35.184849,112.902248
Guangdong Guoxin Industrial Co Ltd,2500.0,4977101905.5661955,1,1,23.407415,116.570818
Hebei Xinxing Ductile Iron Pipes Co Ltd,2500.0,1570133414.6514165,1,1,36.621504,114.128189
Chifeng Yuanlian Steel Co Ltd,2450.0,1995635766.3421109,1,1,42.278115,119.015289
Jayaswal Neco Industries Ltd,2450.0,1676028759.8407507,1,1,21.354495,81.676444
Tangshan Zhengfeng Steel Co Ltd,2439.0,2256673828.2882605,1,1,39.85271,118.181279
Guangdong Nanfang Donghai Iron and Steel Co Ltd,2400.0,194781090.93254027,1,1,22.907614,112.224952
Yangchun New Iron & Steel Co Ltd,2400.0,126961940.125218,1,1,22.084904,111.642187
Tangshan Chunxing Special Steel Co Ltd,2400.0,1872854078.2187674,1,1,39.676326,118.427914
Yangzhou Qinyou Special Metal Materials Co Ltd,2400.0,361408387.5824465,1,1,32.838703,119.425236
Liaoyang United Steel Co Ltd,2300.0,1281795295.850902,1,1,41.19138,122.877311
Sichuan Dazhou Iron & Steel Group Co Ltd,2300.0,10197981456.470524,1,1,31.18945,107.453099
Fujian San'an Iron & Steel Co Ltd,2300.0,1080493062.2097301,1,1,25.244396,118.029905
Shanxi HONGDA Iron and Steel Group Co Ltd,2300.0,250634379.58227268,1,1,35.701895,110.786826
Hebei Rongxin Iron & Steel Co Ltd,2300.0,796505445.106471,1,1,39.880661,118.558755
Hebei Tangyin IRON&STEEL Co Ltd,2300.0,6582094224.79956,2,1,39.4298775,118.321497
Zunyi County Fuxin Iron & Steel Product Co Ltd,2260.0,288427354.33009654,1,1,27.591697,106.815453
Qinhuangdao Baigong Steel Co Ltd,2260.0,1644959560.7920702,1,1,39.748773,118.819472
Zhongpu (Handan) Iron and Steel Co Ltd,2250.0,296202759.7826058,1,1,36.721376,113.910271
Huangshi Xingang Heavy Industry Technology Co Ltd,2250.0,69794425.23817413,1,1,30.097108,115.284652
JFE Bars & Shapes Corp,2220.0,10166868071.82332,3,1,35.056672999999996,136.36677866666665
BMM Ispat Ltd,2208.0,326466748.184155,1,1,15.16972,76.37971
Guangdong Yuebei United Steel Co Ltd,2055.0,114780320.39245096,1,1,24.262452,113.728198
Guangdong Guangqing METAL Technology Co Ltd,2040.0,546325381.749661,1,1,21.697069,111.848841
Xining Special Steel Co Ltd,2040.0,3718700727.8378444,1,1,36.66856,101.671414
Chongqing Zuhang Steel Co Ltd,2020.0,419108487.0652244,1,1,29.440056,105.741929
Heilongjiang Jianlong Iron and Steel Co Ltd,2001.0,125175844.19061546,1,1,46.602297,131.071877
Inner Mongolia Yaxinlongshun Special Steel Co Ltd,2000.0,2337622.9703656165,1,1,40.689778,110.214707
Tangshan Wenfeng Special Steel Co Ltd,2000.0,146526011.7107865,1,1,39.146541,118.432261
Luzhou Xinyang Vanadium Titanium Steel Co Ltd,2000.0,20271489.796361625,1,1,28.851779,105.70509
BERIS Jiangsu Heavy Industry Co Ltd,2000.0,178113102.28059617,1,1,32.104319,119.792126
Fujian Wuhang Stainless Steel Products Co Ltd,2000.0,6512786661.363352,1,1,25.95923,119.452018
Fuzhou Wuhang Steel Products Co Ltd,2000.0,6512786661.363352,1,1,25.995101,119.495725
Inner Mongolia (Naiman) Jingan Non-ferrous Metal Materials Co Ltd,2000.0,755333747.2342982,1,1,43.696186,122.219433
Wuhai Baogang Wanteng Iron and Steel Co Ltd,2000.0,111523145.34028804,1,1,39.855971,106.886647
Wuhu Xinxing Ductile Iron Pipes Co Ltd,2000.0,1042494789.8844099,1,1,31.229893,118.150867
Guangdong Jingye Iron and Steel Co Ltd,2000.0,7797595936.055308,1,1,23.454666,116.498483
Wuhu Fuxin Iron & Steel Co Ltd,2000.0,203072621.1319695,1,1,31.194505,118.067833
Hubei Lijin Steel Group Co Ltd,2000.0,728653447.9992169,1,1,32.127263,112.715688
Shijiazhuang Iron and Steel Co Ltd,2000.0,41715661516.27928,2,1,38.067871499999995,114.2967005
Hubei Shunle Iron and Steel Co Ltd,2000.0,96700424.06712171,1,1,29.925026,113.826118
Jiangsu Changqiang Iron & Steel Co Ltd,2000.0,5149260849.902505,1,1,31.952064,120.189749
Surjagad Ispat Pvt Ltd,2000.0,1744300.2223284245,1,1,19.487201,79.968551
Guizhou United Steel (Group) Co Ltd,1990.0,288427354.33009654,1,1,27.591691,106.814024
Shyam Steel Industries Ltd,1960.0,363171012.67553264,1,1,23.590212,86.724603
ShiGangJingCheng Equipment Development and Manufacturing Co Ltd,1900.0,758099574.9849542,1,1,40.626396,122.38884
Angang Lianzhong Stainless Steel Corp,1900.0,23605391215.706425,1,1,23.126822,113.505817
Lucheng Xingbao Iron & Steel Co Ltd,1900.0,2719454994.077153,1,1,36.332449,113.15509
Shandong Taigang Xinhai Stainless Steel Co Ltd,1860.0,374021532.01611346,1,1,35.228556,119.084178
Hebei Huaxi Special Steel Co Ltd,1824.0,658638310.9064554,1,1,39.260784,119.005925
Orissa Steel & Power Pvt Ltd,1804.0,47335285.52206003,1,1,22.3591,87.017184
Ningxia Iron and Steel (Group) Co Ltd,1800.0,21396075.606333133,1,1,37.503054,105.078348
Anshan Baode Iron & Steel Co Ltd,1800.0,4381066890.384275,1,1,41.173613,122.945501
Hbzx HIGH Tech Co Ltd,1800.0,11073664760.627905,1,1,40.607977,115.067516
Nakayama Steel Works Ltd,1800.0,254812052510.10464,1,1,34.628162,135.459688
Fujian Dingsheng Steel Co Ltd,1726.0,65973740.548705816,1,1,27.224477,120.328828
Guangxi Longzhou Zhongheng Wanhua Industrial Co Ltd,1725.0,14775761.727532735,2,1,23.1567485,109.43017850000001
Godo Steel Ltd,1700.0,176002564914.40576,3,1,35.057881,136.68735066666667
Licheng Taihang Iron & Steel Co Ltd,1700.0,231213739.23506635,1,1,36.472303,113.344155
Shanxi Zhongsheng Iron and Steel Co Ltd,1650.0,224177109.58702946,1,1,35.727776,111.330122
Heyuan Derun Steel Co Ltd,1650.0,5199836757.785021,2,1,23.5457045,114.820847
Hebei YongYang Special Steel Group Co Ltd,1610.0,364664534.1041899,1,1,36.786851,114.376132
Shri Bajrang Power and Ispat Ltd,1600.0,450845929.98527956,1,1,21.48619,81.771697
Jianglong Acheng Iron & Steel Co Ltd,1600.0,3851213851.5239058,1,1,45.562002,126.968128
Sanyo Special Steel Co Ltd,1596.0,12333371034.581137,1,1,34.788074,134.672046
Jiangsu HONGTAI Metals Ware Co Ltd,1576.0,3200493895.461697,1,1,32.138393,119.554693
Hebei New Wuan Iron and Steel Group Xin Hui Metallurgy Co Ltd,1575.0,1570133414.6514165,1,1,36.664097,114.115263
Kalyani Steels Ltd,1509.0,319583186.94651854,1,1,20.601819,85.594653
Chengdu Changfeng Steel Group Co Ltd,1500.0,846260426.3465284,1,1,31.031921,103.672956
Danyang Longjiang Steel Co Ltd,1500.0,5805245295.940704,1,1,32.027791,119.57706
Ningxia Xinghua Iron and Steel Co Ltd,1500.0,1044069289.8932406,1,1,39.309571,106.79093
Qian'an Zhayi Steel Group Co Ltd,1500.0,722897426.2393645,1,1,40.044026,118.552001
Longnan Fuxin Steel Co Ltd,1500.0,85055828.36295038,1,1,24.912904,114.844503
Jiangyin Huaxi Steel Co Ltd,1500.0,10086515908.61508,1,1,31.816482,120.424347
Jilin Jingang Lron and Steel Co Ltd,1500.0,7056524178.650425,1,1,43.20023,124.335697
Guangxi Wuzhou Jinhai Stainless Steel Co Ltd,1500.0,607979569.3111423,1,1,23.518229,111.235509
Daido Steel Co Ltd,1500.0,27104407629.54368,1,1,35.016404,136.864744
Aichi Steel Corp,1495.0,110186877555.41345,1,1,35.044558,136.900772
Hospet Steels Ltd,1461.0,204245873.82605147,1,1,15.339055,76.251696
Jishan Mingfu Steel Products Co Ltd,1433.0,245177255.62792537,1,1,35.665945,111.025976
Shandong Luli Steel Co Ltd,1400.0,309288577.011094,1,1,36.970875,118.955444
Heping Yueshen Steel Industrial Co Ltd,1400.0,922848789.0805657,1,1,24.49796,114.93888
Yunnan Qujing Iron and Steel Group Co Ltd,1400.0,54580293.24053438,1,1,26.275342,104.168311
Yunnan Qujing Iron and Steel Group Yanggang Iron and Steel Co Ltd,1400.0,135064897.5047968,1,1,25.308777,103.876391
Guangxi Guigang Iron and Steel Group Co Ltd,1400.0,6503602261.824279,1,1,23.088182,109.634638
Yantai Walsin Stainless Steel Co Ltd,1400.0,18963550948.945488,1,1,37.548627,121.277488
Nippon Steel Stainless Steel Corp,1366.0,1369220846.7925227,2,1,34.011835000000005,131.856312
Captain Steel India Ltd,1352.0,1860795451.2235923,2,1,23.319004303795843,87.09046517280512
Hebei New Wuan Lron and Steel Group Hong Rong Lron and Steel Co Ltd,1350.0,188809636.46592227,1,1,36.640411,113.981172
Inner Mongolia Desheng Metal Products Co Ltd,1350.0,111523145.34028804,1,1,39.867015,106.890377
Jiangsu Delong Nickel Industry Co Ltd,1350.0,890142435.6329616,1,1,34.443469,119.816574
Wulanhot Iron & Steel Co Ltd,1350.0,3362380016.537606,1,1,46.055685,122.063282
Hebei Huaxin Special Steel Co Ltd,1350.0,1439683054.8066726,1,1,36.53048,114.245262
Tongling Fuxin Iron & Steel Co Ltd,1350.0,6386761084.181079,1,1,30.907561,117.772866
Yunnan Desheng Steel Co Ltd,1350.0,179784996.6136446,1,1,25.142516,102.077727
Qinglong Manzhu Autonomous County Delong Casting Industry Development Co Ltd,1350.0,14286152.175898882,1,1,40.427008,119.219855
Xinjiang KingTec Steel Co Ltd,1334.0,93932.5409826021,1,1,42.674192,86.280156
Mindong Saiqi Economic Development Zone Fuhua Steel Rolling Co Ltd,1325.0,283759824.5657374,1,1,26.961516,119.654272
Guizhou Ganglian Industrial Group Co Ltd,1325.0,3047624310.877063,1,1,27.615147,106.949926
Jai Balaji Industries Ltd,1323.0,675745315.8269312,2,1,23.485256999999997,87.36084149999999
Hengyang Valin Steel Tube Co Ltd,1300.0,8841440925.872505,1,1,26.865484,112.576853
Anyang Iron & Steel Co Ltd,1300.0,17037663839.757977,1,1,36.122129,114.283145
Baotou Deshun Spec. Steel Co Ltd,1250.0,1018690.4685914837,1,1,40.9019,110.336253
Fujian Longgang New Materials Co Ltd,1210.0,81212030.76822813,1,1,25.357408,117.362096
Huahong Iron and Steel Products Co Ltd,1200.0,468805622.32278705,1,1,28.090098,119.519509
Guangxi Guigang Iron and Steel Group Guigang Guibao SPECIAL Steel Co Ltd,1200.0,6503602261.824279,1,1,23.089502,109.63938
Shaanxi Huaxin Special Steel Group Co Ltd,1200.0,179102021.36746305,1,1,34.523278,109.986042
Guangxi Liugang Zhongjin Stainless Steel Co Ltd,1200.0,221366537.43015066,1,1,21.67261,109.741866
Guilin Pinggang Iron and Steel Co Ltd,1200.0,33714093.6953855,1,1,24.673567,110.78959
Henan Fuhua Iron & Steel Group Co Ltd,1200.0,3251997907.564753,1,1,34.462949,113.700844
natural person(s); Hubei Xinxin Steel Group Co Ltd,1200.0,1002488417.5250294,1,1,30.067469,114.934091
JSW Ispat Special Products Ltd,1200.0,213067224.22470316,1,1,21.983709,83.238133
Zhejiang Wantai Special Steel Co Ltd,1200.0,3208888731.268896,1,1,30.944342,120.971803
Mesco Kalinga Steel Ltd,1200.0,864289310.3874147,1,1,20.976277,86.044419
Prakash Industries Ltd,1190.0,465552274.1725282,1,1,22.004694,82.671666
Yazdani Steel and Power Ltd,1190.0,864289310.3874147,1,1,20.928285,86.036604
MSP Steel & Power Ltd,1173.0,122199505.11316605,1,1,21.87673,83.554495
Guangxi Hezhou Kexinda Metal Products Co Ltd,1150.0,90031801.82740928,1,1,23.979937,111.745037
Hejin Huaxinyuan Steel & Iron Co Ltd,1150.0,1208145259.4777637,1,1,35.605506,110.652056
Crest Steel and Power Pvt Ltd,1142.0,1306781871.7744355,1,1,21.190313,81.19922
Yuxi Iron and Steel Group Zhenfei Iron and Steel Co Ltd,1110.0,106654789.90736285,1,1,24.074756,102.765983
Xinjiang Minxin Iron and Steel (Group) Minhang Special Steel Co Ltd,1110.0,1337515.1727294303,1,1,44.080866,88.417209
Guangdong Guangqing Metal Technology Co Ltd,1100.0,5052871258.0219145,1,1,31.980237,120.571455
Zhejiang Yuxin Industrial Co Ltd,1100.0,511578477.6555888,1,1,28.787202,120.248592
Jilinheng Precision Casting Technology Co Ltd,1100.0,10768816.011382872,1,1,43.196537,126.00063
Gaolan County Lanxin Steel Co Ltd,1100.0,4705947.349746395,1,1,36.488866,103.922
Kapila Metals Pvt Ltd,1074.0,100155279.26306468,1,1,19.874223,75.817553
Sunflag Iron and Steel Co Ltd,1025.0,158719364.06818208,1,1,21.232929,79.632398
Guangdong Taidu Iron & Steel Co Ltd,1020.0,1746497357.0257854,1,1,23.504558,112.962693
Arjas Steel Pvt Ltd,1005.0,216622786.99645334,1,1,14.873471,78.048425
Xinjiang Ka Steel Group Co,1000.0,4239302.117930701,1,1,39.142997,76.161589
Jiangxi Taixin Iron & Steel Co Ltd,1000.0,24651705.83317486,1,1,28.60445,118.163615
Sichuan Shengquan Iron and Steel Group Co Ltd,1000.0,1180067619.3126886,1,1,31.255961,104.190612
Xuzhou Jinhong Iron and Steel Group Co Ltd,1000.0,62626478.12289046,1,1,34.500122,116.908897
Shengli (Qingyuan) Steel Products Co Ltd,1000.0,1383225148.037752,1,1,23.553041,113.119942
Fujian Hongfeng Industrial Group Co Ltd,1000.0,29883675.310433295,1,1,26.868423,117.776369
Anhui Langxi County Fuhang Steel Co Ltd,1000.0,86904812.1034762,1,1,31.246635,119.120443
Dazhou Hangda Steel Co Ltd,1000.0,49607605.43538932,1,1,31.435149,107.685981
Jilin Steel Group Taihua Metal Equipment Manufacture Co Ltd,1000.0,912548532.864007,1,1,44.138826,125.914941
Chizhou Guichi Guihang Metal Products Co Ltd,1000.0,189683194.67400867,1,1,30.532786,117.25166
Wuzhou Yongda Special Steel Co Ltd,1000.0,607979569.3111423,1,1,23.520307,111.229981
Jingzhou Qunli Metal Products Co Ltd,1000.0,118075214.85034539,1,1,30.3505,112.353782
Xinjiang Yili Iron and Steel Co Ltd,1000.0,36347068.67769812,1,1,43.526808,83.294323
YunNan Province Tiangao Nickel Alloy Co Ltd,1000.0,229330969.90024498,1,1,24.80128,104.063455
Xinjiang Da'an Special Steel Co Ltd,1000.0,21656190.748155303,1,1,42.700465,93.542466
Cangzhou Lingang Sanling Metal Co Ltd,1000.0,90759574.23978685,1,1,38.311738,117.457779
Fushun Special Steel Co Ltd,999.0,8540543698.927486,1,1,41.838774,123.806586
Qianxinan Prefecture Juxin Industry & Trade General Co,990.0,259782939.28469855,1,1,25.150857,105.041722
Topy Industries Ltd,960.0,6515425440.511312,1,1,34.719644,137.322259
Fujian Qingtuo New Material Co Ltd,958.0,11794218.386546498,1,1,26.779301,119.767935
Jinye Steel Group Co Ltd,950.0,1182364306.7889879,1,1,36.148131,113.209523
Fengshun County Dongfang Metal Casting Co Ltd,930.0,453215982.2079722,1,1,23.749104,116.138262
Longchuan Hanghui Steel Co Ltd,930.0,1069393003.8951043,1,1,24.113189,115.215068
Guangdong Shengye Steel Co Ltd,920.0,106278554.73135719,1,1,24.008564,114.797328
Guangdong Taiye Hongda Steel Co Ltd,920.0,1746497357.0257854,1,1,23.54332928798603,112.99082407443541
Guangdong Shiji Qingshan Nickel Industry Co Ltd,900.0,546325381.749661,1,1,21.687053,111.848893
Guangshui Huaxin Smelt Industry Co Ltd,869.0,39099648.249599755,1,1,31.50221,114.008142
Guangdong Hongde Steel Group Co Ltd,860.0,2371893017.6045723,1,1,24.672351,113.535574
Tangshan Shoutang Baosheng Functional Materials Co Ltd,860.0,1356006637.3997142,1,1,39.751793,118.490004
Yunnan Muguang Industry and Trade Co Ltd,850.0,106654789.90736285,1,1,24.077079,102.771634
Yuxi Huixi Metal Casting Products Co Ltd,850.0,1153461107.3559847,1,1,24.360481,102.481118
Sichuan Ya'an Anshan Iron and Steel Co Ltd,830.0,388037.3015476711,1,1,30.059133,102.625907
Zunyi Changling Special Steel Co Ltd,825.0,3047624310.877063,1,1,27.614947,106.949752
Tangshan Xinglong Steel Co Ltd,825.0,178134743.02966222,1,1,39.847612,118.348448
Gallantt Ispat Ltd,800.0,881769082.2374166,1,1,26.757009,83.199086
Inner Mongolia Mingtuo Ferrite New Material Co Ltd,800.0,563557793.4713724,1,1,40.597557,109.683202
Chubu Steel Plate Co Ltd,800.0,176716694372.9768,1,1,35.118836,136.867567
Baicheng Fuda Bar Rolling Co Ltd,788.0,4030918213.477184,1,1,45.593303,122.895588
Hezhou Xindu Sanyuan Casting Co Ltd,780.0,90031801.82740928,1,1,23.987007,111.739775
Mono Steel (India) Ltd,770.0,31833855.18768871,1,1,23.312265,70.201953
Prakash Sponge Iron and Power Pvt Ltd,765.0,10655640.702493113,1,1,14.152912,76.665824
Haicheng Hengsheng Casting Co Ltd,760.0,722648668.565372,1,1,41.057478,122.8328
Hezhou Zhaoxin Hardware Products Co Ltd,750.0,90031801.82740928,1,1,23.978567,111.735529
Fujian Fuxin Special Steel Co Ltd,720.0,17250077612.688942,1,1,24.472439,117.94885
Guangdong Daxing Iron & Steel Industrial Co Ltd,720.0,13690835436.783312,1,1,23.529158,116.329247
Fengshun County Agricultural Machinery Continuous Casting Co,720.0,453215982.2079722,1,1,23.748318,116.13985
Lianping County Huafeng Steel Co Ltd,720.0,271704400.55409884,1,1,24.18435,114.728202
Fengshun County Hongbao Industrial Co Ltd,720.0,1404595.2279711333,1,1,23.720136,115.949449
Zijin County Dongri Foundry Co Ltd,720.0,12925770.443472354,1,1,23.356612,114.769565
Jiangyin Xicheng Steel Co Ltd,720.0,8256028173.465794,1,1,31.892299,120.198394
Fengshun Yongshun Continuous Casting Plant,720.0,453215982.2079722,1,1,23.747173,116.126241
Dongyuan Dongnan Industrial Co Ltd,720.0,24627219.044078365,1,1,24.038397,114.873435
Guangdong Yuedong Steel Co Ltd,720.0,10381673523.067602,1,1,23.711585,114.689761
NR Ispat and Power Pvt Ltd,712.0,155299189.2988411,1,1,22.013086,83.330372
Orissa Sponge Iron and Steel Ltd,701.0,55597769.29395994,1,1,21.801994,85.56751
Mukand Sumi Special Steel Ltd,700.0,208281204.80950305,1,1,15.328976,76.258613
Linyi Iron and Steel Investment Group Stainless Steel Co Ltd,700.0,238915176.01580334,1,1,35.148443,119.068015
Chongqing Yonghang Steel Group Co Ltd,700.0,476620864.0503676,1,1,29.836163,106.988138
Tangshan Yutian Jinzhou Industry Co Ltd,700.0,74159309.89730716,1,1,39.967373,117.857659
Yamato Steel Co Ltd,700.0,11107163158.787853,1,1,34.783319,134.604616
Shaanxi Hanzhong Iron & Steel Group Co,700.0,554486726.9337088,1,1,33.132446,106.657646
Yun County Rongfeng Rolling Mill Factory,700.0,2868377109.874325,1,1,32.738598,110.793269
Ramsarup Industries Ltd,690.0,3789988245.8372393,1,1,22.977477,88.457443
Bhagyalaxmi Metals Pvt Ltd,672.0,20100548.68457569,1,1,20.088919,79.71792
Pan Gang Group Sichuan Changcheng Special Steel Co Ltd,669.0,2578998262.3683743,1,1,31.763517,104.761441
Shakambhari Ispat & Power Ltd,660.0,740366725.9212388,1,1,23.613861,86.789527
Guangdong Guixin Steel Co Ltd,630.0,1383225148.037752,1,1,23.517109,113.106865
Lianyungang Huale Alloy Group Co Ltd,621.0,175014771.30063456,1,1,34.607964,119.447626
Fengshun Changsheng Precision Steel Casting Co Ltd,620.0,1746497357.0257854,1,1,23.507015,112.953822
Huizhou Jushun Iron and Steel Plant,620.0,5079645602.338191,1,1,23.178652,114.279374
Heyuan Huacheng Metal Products Co Ltd,620.0,661354659.4113086,1,1,23.56658,114.598993
Shyam Steel Manufacturing Ltd,616.0,675556161.7232339,1,1,23.564157,87.089552
BPA Metallics Pvt Ltd,613.0,400367384.08294696,1,1,21.926993,83.374089
Shiyan Fuyan Iron and Steel Co Ltd,600.0,111115982.9373292,1,1,32.650367,110.654794
Atibir Industries Co Ltd,600.0,510655890.86209947,1,1,24.145239,86.334999
Fujian Dingxin Industry Co Ltd,600.0,11794218.386546498,1,1,26.7695,119.738519
Shougang Guiyang SPECIAL Steel Co Ltd,600.0,264952407.92503846,1,1,26.873592,106.73215
Swadesh Metallics Pvt Ltd,600.0,194558399.93739942,1,1,21.625706,81.705254
Nakayama Steel Products Co Ltd,600.0,324278211589.9782,1,1,34.699762,135.430119
Sichuan Gangchen Stainless Steel Co Ltd,600.0,473439435.8729224,1,1,29.501044,103.607365
KIC Metaliks Ltd,598.0,1554639245.0040002,1,1,23.507539,87.277914
Fogang Dawei Special Steel Co Ltd,575.0,794462578.72561,1,1,23.893972,113.500829
Inner Mongolia Wanzhou Special Steel Co Ltd,575.0,13833901.491643237,1,1,40.977329,110.022924
Sichuan Shehong Chuanzhong Construction Materials Co Ltd,550.0,442654217.20127475,1,1,30.830726,105.367695
Taishan Baofeng Iron & Steel Co Ltd,520.0,4190029623.921236,1,1,22.425677,112.788855
Chongqing Pengcheng Steel Co Ltd,520.0,3649329774.430953,1,1,29.259699,106.214031
Guangdong Yuehua Iron & Steel Group Co Ltd,520.0,386008960.44992363,1,1,24.275783,113.388896
Guizhou Hexing Metal Products Co Ltd,500.0,30310794.301979743,1,1,26.509525,107.570458
Linyi Meide Gengchen Metal Materials Co Ltd,500.0,374021532.01611346,1,1,35.188667,119.087048
Kishiwada Steel Co Ltd,500.0,38442254742.5372,1,1,34.477479,135.353918
Tianjin Rongcheng Group Tangshan Special Steel Co Ltd; Tangshan Zhengfeng Steel Co Ltd,500.0,2256673828.2882605,1,1,39.85271,118.181279
Liaoyang Xinyi Special Steel Co Ltd,500.0,4381066890.384275,1,1,41.225003,122.970488
Ningbo Haoyang New MATERIALS Techonology Co Ltd,500.0,4420088191.603954,1,1,30.267113,121.052503
Vardhman Special Steels Limited,500.0,2490777403.6033077,1,1,30.890103,75.908673
Hubei Dazhan Steel & Iron Co Ltd,500.0,600972460.8080096,1,1,31.006752,113.754995
Zhejiang TSINGSHAN IRON&STEEL Co Ltd,500.0,1195110580.909999,1,1,28.136096,120.380401
Guangdong Zhanhong Steel Plant,500.0,33770610.58382256,1,1,23.037858,114.970593
Anhui Jingxian Longxin Iron and Steel Co Ltd,500.0,271114715.91688704,1,1,30.709058,118.436638
"Guangde Xinyuanda Metal Products Co., Ltd. Co Ltd",500.0,60598213.36689451,1,1,31.0494162,119.5296269
Adhunik Metaliks Ltd,500.0,721177173.7528095,1,1,22.308371,84.763584
Guangdong Fogang Jincheng Metal Products Co Ltd,500.0,92889374.35438424,1,1,23.741965,113.502168
Huainan Hongtai Steel Limited Liability Co,500.0,4888696838.2685,1,1,32.619248,116.905869
Anhui Jin'an Stainless Steel Foundry Co Ltd,500.0,413630926.1177371,1,1,31.763956,115.924372
Guangdong Yueshao Iron & Steel Co Ltd,500.0,2904267538.2436757,1,1,24.688355,113.657408
Jai Balaji Jyoti Steels Ltd,422.0,94945328.67570616,1,1,22.085338,84.86184
Xinjiang Xin'an Special Steel Co Ltd,400.0,2447855.543441533,1,1,44.290299,86.595826
Jinzhou Jinxing Special Steel Co Ltd,360.0,549095770.045926,1,1,41.188888,121.225043
"Fugang METAL Manufacturing Co.ltd.,jilinjigang Steel Group",360.0,218005645.09942687,1,1,44.022802,125.505627
Nilachal Iron & Power Ltd,299.0,631216996.6196955,1,1,22.874863,86.063646
Chongqing Yuxi Iron & Steel (Group) Co Ltd,260.0,157576554.0679347,1,1,29.488759,105.862658
Linzhou Hexin Foundry Co Ltd,240.0,1250100343.4634068,1,1,36.112742,113.861135
Yunnan Qujing Shuangyou Iron and Steel Co Ltd,130.0,7472321818.171346,1,1,25.54218,103.781041
Xinjiang Kunyu Lron & Steel Co Ltd,0.0,499486217.0650745,1,1,44.404189,84.966753
Xuanhua Iron and Steel Group Co Ltd,0.0,1534319950.0774214,1,1,40.589591,115.090889
Xuzhou Baofeng Special Steel Co Ltd,0.0,1369908468.9113462,1,1,34.364872,117.322633
Xiwang METAL Science Technology Co Ltd,0.0,1079457394.0062003,1,1,36.928208,117.694654
JSW Bengal Steel Ltd,0.0,178521520.3246137,1,1,22.575726,87.310258
Xuzhou TaiFa Special Steel Technology Co Ltd,0.0,279149401.67212856,1,1,34.448514,117.271876
Hubei Wucheng Iron and Steel Group Co Ltd,0.0,14250230836.869875,1,1,30.341239,114.857744
Ningxia Boyu Hongxing Special Steel Group Co Ltd,0.0,1044069289.8932406,1,1,39.273832,106.75146
Baotou DA AN IRON&STEEL Co Ltd,0.0,8439898530.62294,2,1,40.688731000000004,109.75999300000001
Huarui (Handan) Casting & Pipe Co Ltd,0.0,1340340843.3454995,1,1,36.561049,114.102793
Baotou Baoxin Special Steel Co Ltd,0.0,883833.8895358075,1,1,41.362925,110.988771
Baotou Jiyu Steel Co Ltd,0.0,563557793.4713724,1,1,40.662343,109.696243
Huangshi Xinxing Pipe Industry Co Ltd,0.0,4262753872.987659,1,1,30.181393,114.944879
Jiangsu Xingda Steel Group Co Ltd,0.0,261090607.59518936,1,1,34.501981,117.316278
Baosteel Special Metals Co Ltd,0.0,72345769161.90762,1,1,31.379422,121.484652
ArcelorMittal SA,0.0,490816268.93993175,1,1,15.139498,76.918417
Langfang Guangyuan Metalwork Co Ltd,0.0,1533063394.1574883,1,1,39.181466,116.838667
Zibo Qilin Fushan Steel Co Ltd,0.0,5698841287.0221615,1,1,36.887998,118.145416
Anyang Huixin Special Steel Co Ltd,0.0,3691623504.775808,1,1,36.152418,114.15839
Zhengzhou YONGTONG SPECIAL Steel Co Ltd,0.0,349309237.1561481,1,1,34.64443,112.937985
Linyi Jiangxin Steel Co Ltd,0.0,7972147725.823803,1,1,34.951117,118.305389
Anyang Xinpu Steel Co Ltd,0.0,17037663839.757977,1,1,36.163203,114.296223
Yuxi Xinxing Iron & Steel Co Ltd,0.0,204193710.09956524,1,1,24.249024,102.521747
Luannan Huarui Steel Co Ltd,0.0,1572778754.3996863,1,1,39.51833,118.715766
Jiangxi Yuanxing Iron and Steel Co Ltd,0.0,982532261.0660375,1,1,24.881098,114.802833
Yichang Fulong Iron & Steel Co Ltd,0.0,3382709142.716387,1,1,30.586332,111.398846
Luoyang Luogang Group of Steel and Iron Co Ltd,0.0,898607349.1565193,1,1,34.798477,112.580505
Honghe Iron and Steel Co Ltd,0.0,1145833787.5269697,1,1,23.470733,103.272784
Yunnan Qujing Iron & Steel Group Yue Steel Iron & Steel Co Ltd,0.0,135064897.5047968,1,1,25.304544,103.889418
Jiangsu Suxin Special Steel Co Ltd,0.0,11475374812.138918,1,1,31.400644,120.475103
Yunnan Jingye Steel Co,0.0,59127258.8221577,1,1,25.023852,102.312086
Mintal Group Co Ltd,0.0,38453234.3149022,1,1,41.7915,109.865367
Jiangsu Shente Steel Corp,0.0,5294448729.56292,1,1,31.471123,119.485941
Jiangsu Longyuan Steel Co Ltd,0.0,261090607.59518936,1,1,34.538033,117.329589
Bhushan Power & Steel Ltd,0.0,113645399.55906004,1,1,22.665526,85.64622
GuangDong Xinxing Ductile Iron Pipes Co Ltd,0.0,126961940.125218,1,1,22.09914,111.665479
Henan Changtai Stainless Steel Plate Co Ltd,0.0,3849360572.403314,1,1,34.702951,112.955911
Shanxi Dongfang Hengliu Precision Casting Co,0.0,586782703.6351858,1,1,36.080051,111.647754
Tianjin Tianfeng Steel Co Ltd,0.0,805190129.0529438,1,1,38.832642,117.102765
Tianjin Rongcheng Group Tangshan Special Steel Co Ltd,0.0,9710283612.501226,1,1,39.551552,118.137993
Electrosteel Castings Ltd,0.0,142335900.08133274,1,1,13.717188,79.630588
Tianjin Metallurgy Group Zhasan Steel Co Ltd,0.0,805190129.0529438,1,1,38.825269,117.08849
Ezhou Hongtai Steel Co Ltd,0.0,1723280956.9704273,1,1,30.532352,114.747597
Fangchenggang Jinxi Steel Technology Co Ltd,0.0,954514098.9683073,1,1,21.646525,108.369582
Shandong Minyuan Steel & Iron Co Ltd,0.0,5882085161.067249,1,1,36.728409,117.426582
Tata Metaliks Ltd,0.0,2985882028.961829,1,1,22.385611,87.287179
Shandong Taishan Steel Group Co Ltd,0.0,6228848405.062526,1,1,36.22141,117.627728
Shandong Xinhua Special Steel Group Co Ltd,0.0,783615313.084411,1,1,36.256175,116.179833
Tangshan Xinbaotai Iron & Steel Co Ltd,0.0,597616844.3023248,1,1,39.861425,118.03667
Tangshan Stainless Steel Co Ltd,0.0,1009690044.964777,2,1,39.445598000000004,118.448707
Tianjin Tianzhong Giant Heavy Industry Co Ltd,0.0,1572778754.3996863,1,1,39.501442,118.719554
Shanxi HUAQIANG Iron and Steel Co Ltd,0.0,402152281.1129497,1,1,35.670848,111.378887
Shanxi Liheng Iron and Steel Co Ltd,0.0,747390169.8949468,1,1,35.701541,111.42671
Tangshan Jinma Iron & Steel Group Co Ltd,0.0,1872854078.2187674,1,1,39.700499,118.456775
Tangshan Jianlong Steel SPECIAL Steel Co Ltd,0.0,3405149508.8777,1,1,40.167686,117.964004
Tangshan GUOYI SPECIAL Steel Co Ltd,0.0,1597397963.2435653,1,1,39.659153,118.411488
Tangshan Fengnan Kaiheng Iron & Steel Co Ltd,0.0,307330756.7732362,1,1,39.4632,118.247191
Shijiazhuang Hongsen Melting & Casting Co Ltd,0.0,945492196.1136818,1,1,38.021527,114.916959
Tangshan DELONG Steel Co Ltd,0.0,218136816.73348233,1,1,39.19256,118.899533
TANG Shan Iron and Steel Group Co Ltd,0.0,39795139194.13621,1,1,39.648587,118.212487
Fushun HANWANG Direct Reduced Iron Co Ltd,0.0,26636182.46122891,1,1,41.670998,123.85143
Shougang Yili Iron & Steel Co Ltd,0.0,36347068.67769812,1,1,43.528516,83.276706
Shandong Longsheng Iron and Steel Co Ltd,0.0,2852374041.5661826,1,1,36.891189,118.187041
Shandong Laigang Yongfeng Steel Corp,0.0,2781115807.54017,1,1,36.7993,116.8026
Xindia Steels Ltd,0.0,185356174.34875867,1,1,15.293421,76.234947
Wugang Zhongjia Iron & Steel Co Ltd,0.0,642394331.888709,1,1,33.29175,113.458011
Xiangfen County Xingyuan Steel Group Co Ltd,0.0,643103075.7903618,1,1,35.880324,111.387956
Xiangfen County XinJinShan Special Steel Co Ltd,0.0,517374334.2584018,1,1,35.934831,111.49707
Changli Xingguo Precision Machinery Co Ltd,0.0,853581286.6142415,1,1,39.704921,118.897417
Hebei Xinghua Iron and Steel Co Ltd,0.0,2791499561.2492723,1,1,36.744936,114.111602
Chengde Shengfeng Iron & Steel Co Ltd,0.0,714450516.0938448,1,1,40.622466,118.490845
Wuxi Xinsanzhou Special Steel Co Ltd,0.0,11935089663.247892,1,1,31.681005,120.251785
Hebei Wenfeng STEEL&IRON Co Ltd,0.0,1570133414.6514165,1,1,36.64577,114.124258
Hebei Tianzhu IRON&STEEL (GROUP) Co Ltd,0.0,4568324809.945682,1,1,39.803524,118.205663
Wuhan Shunle Stainless Steel Co Ltd,0.0,11843724400.76606,1,1,30.394434,114.257701
Hebei PROVINCE Longfengshan Casting Industry Co Ltd,0.0,2791499561.2492723,1,1,36.705105,114.105387
Chongli Steel Manufacturing Co Ltd,0.0,475205331.7791578,1,1,36.602468,113.755744
Wuan Mingfang Iron & Steel Co Ltd,0.0,6917400988.421546,1,1,36.710754,114.207855
Handan Iron and Steel Group Co Ltd,0.0,34430628965.986046,1,1,36.601308,114.439889
Wu'an Yongcheng Zhuye Co Ltd,0.0,188809636.46592227,1,1,36.660278,113.993995
Hebei Jingdong Pipe Industry Co Ltd,0.0,177055102.2953652,1,1,39.932656,118.836844
Weining Hengchang Furnace Charge & Casting Co Ltd,0.0,21953226.651415624,1,1,26.783556,104.394517
WISCO Group Xiangyang Heavy Equipment MATERIALS Co Ltd,0.0,6115679576.442959,1,1,32.10704,112.235621
Shandong Chuanyang Group Co Ltd,0.0,3677756121.979178,1,1,36.894784,117.888366
Vedanta Iron and Steel Ltd,0.0,607137556.302787,1,1,15.526866,73.986671
Shandong Guangfu Group Co Ltd,0.0,833477595.0387985,1,1,36.863145,117.616918
Hebei Guanfeng Metallurgical Industry Co Ltd,0.0,2791499561.2492723,1,1,36.73422,114.111085
Tongshan Liguo Iron and Steel Co Ltd,0.0,261090607.59518936,1,1,34.55486,117.327039
Hebei Baoxin Iron and Steel Group Co Ltd,0.0,1340340843.3454995,1,1,36.555205,114.108273
Shandong Iron Steel Group Yongfeng Zibo Co Ltd,0.0,5698841287.0221615,1,1,36.906036,118.111833
Chengde Zhaofeng Steel Group Co Ltd,0.0,25938154.368309747,1,1,40.593875,118.633334
